relationship_id,subject_entity_id,subject_name,relationship_type,object_name,object_entity_id,relationship_status,source_urls_json,verified_or_retrieved_at,source_dataset,editorial_note
rel-2ecb3ae64a24,org-biomason-5aaaaad,Biomason,member_of_or_discovered_via,2150,,reported_or_directory_observed,"[""https://2150.vc/investments/biomason"",""https://biomason.com/"",""https://biomason.com/biocement""]",2026-08-30,final_residual_additions.csv,"Membership is a discovery relationship, not evidence of deployment or outcome."
rel-f84e299a2b9e,org-cocoon-ff50211,Cocoon,member_of_or_discovered_via,2150,,reported_or_directory_observed,"[""https://2150.vc/investments/cocoon"",""https://cocooncarbon.com/"",""https://cocooncarbon.com/about""]",2026-08-30,startup_core_additions.csv,"Membership is a discovery relationship, not evidence of deployment or outcome."
rel-d3b41eb7112c,org-gigaton-140a05c,Gigaton,member_of_or_discovered_via,2150,,reported_or_directory_observed,"[""https://2150.vc/investments/gigaton"",""https://gigaton.co/"",""https://gigaton.co/product""]",2026-08-30,startup_core_additions.csv,"Membership is a discovery relationship, not evidence of deployment or outcome."
rel-1cf0aa91b0f4,org-nabr-9ac18d4,Nabr,member_of_or_discovered_via,2150,,reported_or_directory_observed,"[""https://2150.vc/investments/nabr"",""https://2150.vc/wp-content/uploads/2024/01/2150_Impact-report-2023_Master_2605.pdf"",""https://nabr.com/""]",2026-08-30,startup_core_additions.csv,"Membership is a discovery relationship, not evidence of deployment or outcome."
rel-820b518a3cd2,org-opensolar-375b039,OpenSolar,member_of_or_discovered_via,2150,,reported_or_directory_observed,"[""https://2150.vc/investments/opensolar"",""https://opensolar.com/""]",2026-08-30,startup_core_additions.csv,"Membership is a discovery relationship, not evidence of deployment or outcome."
rel-ac477ac822f7,org-powerplay-ca9649a,Powerplay,member_of_or_discovered_via,Accel-seed-2021,,reported_or_directory_observed,"[""https://accel.com/companies/powerplay""]",2026-08-30,regional_companies_agent.csv,"Membership is a discovery relationship, not evidence of deployment or outcome."
rel-b8a5d008c3d2,org-facilio-ee1952a,Facilio,member_of_or_discovered_via,Accel-Tiger-Dragoneer-Brookfield,,reported_or_directory_observed,"[""https://facilio.com/newsroom/series-a"",""https://facilio.com/newsroom/series-b"",""https://facilio.in/"",""https://facilio.in/about""]",2026-08-30,regional_companies_agent.csv,"Membership is a discovery relationship, not evidence of deployment or outcome."
rel-98f6d65298b5,org-nearmap-8a8f2ad,Nearmap,member_of_or_discovered_via,aerial-property-intelligence,,reported_or_directory_observed,"[""https://nearmap.com/au"",""https://nearmap.com/au/about"",""https://nearmap.com/au/property-intelligence""]",2026-08-30,regional_companies_agent.csv,"Membership is a discovery relationship, not evidence of deployment or outcome."
rel-3b1cd7a904d0,org-mubawab-4b0178e,Mubawab,member_of_or_discovered_via,Africa Property Portals,,reported_or_directory_observed,"[""https://mubawab.com/"",""https://mubawab.ma/en/about""]",2026-08-30,coverage_gap_additions.csv,"Membership is a discovery relationship, not evidence of deployment or outcome."
rel-0dda0aa2a856,org-alchemist-built-world-adjacent-portfolio-c108545,Alchemist built-world adjacent portfolio,member_of_or_discovered_via,Alchemist,,reported_or_directory_observed,"[""https://alchemistaccelerator.com/portfolio-2""]",2026-08-30,proptech_startups_agent.csv,"Membership is a discovery relationship, not evidence of deployment or outcome."
rel-a76c86412074,org-sell-do-33b7307,Sell-Do,member_of_or_discovered_via,Aurum-PropTech-Accel,,reported_or_directory_observed,"[""https://sell.do/"",""https://sell.do/about"",""https://sell.do/solutions/developers""]",2026-08-30,regional_companies_agent.csv,"Membership is a discovery relationship, not evidence of deployment or outcome."
rel-0e45366a0d26,org-brkz-3da166c,BRKZ,member_of_or_discovered_via,Beco-9900-Waed,,reported_or_directory_observed,"[""https://brkz.com/en"",""https://globenewswire.com/news-release/2025/02/10/3023492/0/en/BRKZ-closes-17M-Series-A-to-transform-construction-procurement-as-Saudi-Arabia-s-3T-project-pipeline-accelerates.html"",""https://wamda.com/en/2024/03/brkz-secures-8-million-series-round""]",2026-08-30,regional_companies_agent.csv,"Membership is a discovery relationship, not evidence of deployment or outcome."
rel-c6e77e6e4806,org-buildingconnected-001c81a,BuildingConnected,member_of_or_discovered_via,Brick & Mortar,,reported_or_directory_observed,"[""https://brickmortar.vc/portfolio"",""https://construction.autodesk.com/products/buildingconnected""]",2026-08-30,proptech_startups_agent.csv,"Membership is a discovery relationship, not evidence of deployment or outcome."
rel-cc3d6a72e007,org-fieldwire-4bfc09b,Fieldwire,member_of_or_discovered_via,Brick & Mortar,,reported_or_directory_observed,"[""https://brickmortar.vc/portfolio"",""https://fieldwire.com/""]",2026-08-30,proptech_startups_agent.csv,"Membership is a discovery relationship, not evidence of deployment or outcome."
rel-0ab870f7f255,org-plangrid-378edb8,PlanGrid,member_of_or_discovered_via,Brick & Mortar,,reported_or_directory_observed,"[""https://brickmortar.vc/portfolio"",""https://plangrid.com/""]",2026-08-30,proptech_startups_agent.csv,"Membership is a discovery relationship, not evidence of deployment or outcome."
rel-9092af765737,org-alice-technologies-3d2a5de,ALICE Technologies,member_of_or_discovered_via,Brick & Mortar Ventures,,reported_or_directory_observed,"[""https://alicetechnologies.com/"",""https://alicetechnologies.com/construction-optioneering"",""https://brickmortar.vc/portfolio"",""https://spark.jllt.com/portfolio""]",2026-08-30,final_residual_additions.csv,"Membership is a discovery relationship, not evidence of deployment or outcome."
rel-7a067389581b,org-brick-and-mortar-ventures-portfolio-8dcb652,Brick & Mortar Ventures portfolio,member_of_or_discovered_via,Brick & Mortar Ventures,,reported_or_directory_observed,"[""https://brickmortar.vc/portfolio""]",2026-08-30,proptech_startups_agent.csv,"Membership is a discovery relationship, not evidence of deployment or outcome."
rel-2130df281ecd,org-buildmart-a61bcf7,BuildMart,member_of_or_discovered_via,Buildcon-Bangladesh,,reported_or_directory_observed,"[""https://buildmart.com.bd/"",""https://buildmart.com.bd/pages/about-us""]",2026-08-30,regional_companies_agent.csv,"Membership is a discovery relationship, not evidence of deployment or outcome."
rel-88d8ddad4a6c,org-cupix-384c862,Cupix,member_of_or_discovered_via,BuiltWorlds Building Tech Top 50 2025,,reported_or_directory_observed,"[""https://builtworlds.com/insights/2025-building-tech-top-50-list"",""https://cupix.com/""]",2026-08-30,startup_core_additions.csv,"Membership is a discovery relationship, not evidence of deployment or outcome."
rel-2faad969787b,org-dronedeploy-51fed53,DroneDeploy,member_of_or_discovered_via,BuiltWorlds Building Tech Top 50 2025,,reported_or_directory_observed,"[""https://builtworlds.com/insights/2025-building-tech-top-50-list"",""https://dronedeploy.com/""]",2026-08-30,startup_core_additions.csv,"Membership is a discovery relationship, not evidence of deployment or outcome."
rel-6b4d8b4a1492,org-one-click-lca-def3638,One Click LCA,member_of_or_discovered_via,BuiltWorlds Building Tech Top 50 2025,,reported_or_directory_observed,"[""https://builtworlds.com/insights/2025-building-tech-top-50-list"",""https://oneclicklca.com/en-gb""]",2026-08-30,startup_core_additions.csv,"Membership is a discovery relationship, not evidence of deployment or outcome."
rel-3046f82024ec,org-revizto-b3261af,Revizto,member_of_or_discovered_via,BuiltWorlds Building Tech Top 50 2025,,reported_or_directory_observed,"[""https://builtworlds.com/insights/2025-building-tech-top-50-list"",""https://revizto.com/""]",2026-08-30,startup_core_additions.csv,"Membership is a discovery relationship, not evidence of deployment or outcome."
rel-e3c3dbcf57d4,org-civils-ai-9dff211,Civils.ai,member_of_or_discovered_via,CEMEX Ventures Construction Startup Competition 2026 APAC finalists,,reported_or_directory_observed,"[""https://cemexventures.com/startup-competition-2026-apac-finalists"",""https://civils.ai/"",""https://civils.ai/about""]",2026-08-30,startup_core_additions.csv,"Membership is a discovery relationship, not evidence of deployment or outcome."
rel-b9574b54b342,org-concreteai-886747c,ConcreteAI,member_of_or_discovered_via,CEMEX Ventures Construction Startup Competition 2026 APAC finalists,,reported_or_directory_observed,"[""https://cemexventures.com/startup-competition-2026-apac-finalists"",""https://concreteai.io/"",""https://concreteai.io/about_us""]",2026-08-30,startup_core_additions.csv,"Membership is a discovery relationship, not evidence of deployment or outcome."
rel-981751ca643e,org-teleo-0fd6b99,Teleo,member_of_or_discovered_via,CEMEX Ventures Construction Startup Competition Top 50 2025,,reported_or_directory_observed,"[""https://cemexventures.com/top-50-2025"",""https://teleo.ai/"",""https://teleo.ai/technology""]",2026-08-30,startup_core_additions.csv,"Membership is a discovery relationship, not evidence of deployment or outcome."
rel-ee1f0310191c,org-trunk-tools-844cca9,Trunk Tools,member_of_or_discovered_via,CEMEX Ventures Construction Startup Competition Top 50 2025,,reported_or_directory_observed,"[""https://cemexventures.com/top-50-2025"",""https://trunktools.com/""]",2026-08-30,startup_core_additions.csv,"Membership is a discovery relationship, not evidence of deployment or outcome."
rel-692bb75889d9,org-smartpm-technologies-b7ceac3,SmartPM Technologies,member_of_or_discovered_via,CEMEX Ventures Top 50 ConTech 2026,,reported_or_directory_observed,"[""https://cemexventures.com/top-50"",""https://smartpm.com/"",""https://smartpm.com/about""]",2026-08-30,final_residual_additions.csv,"Membership is a discovery relationship, not evidence of deployment or outcome."
rel-123408a43b8b,org-togal-ai-d6d6a17,Togal.AI,member_of_or_discovered_via,CEMEX Ventures Top 50 ConTech 2026,,reported_or_directory_observed,"[""https://cemexventures.com/top-50"",""https://cemexventures.com/top-50-startups/togal-ai"",""https://togal.ai/""]",2026-08-30,final_residual_additions.csv,"Membership is a discovery relationship, not evidence of deployment or outcome."
rel-0e3d31fe20cd,org-matterport-6ed468a,Matterport,member_of_or_discovered_via,CoStar,,reported_or_directory_observed,"[""https://costargroup.com/"",""https://matterport.com/""]",2026-08-30,proptech_startups_agent.csv,"Membership is a discovery relationship, not evidence of deployment or outcome."
rel-8cefca6dc311,org-smartcrowd-51aef62,SmartCrowd,member_of_or_discovered_via,DFSA-DIFC-DLD,,reported_or_directory_observed,"[""https://help-center.smartcrowd.ae/en/articles/7122055-how-are-investments-structured-at-smartcrowd"",""https://smartcrowd.ae/""]",2026-08-30,regional_companies_agent.csv,"Membership is a discovery relationship, not evidence of deployment or outcome."
rel-6cefd6656fb0,org-prypco-be97735,PRYPCO,member_of_or_discovered_via,DLD-tokenization-initiative,,reported_or_directory_observed,"[""https://dubailand.gov.ae/en/news-media/dubai-land-department-achieves-world-first-with-instant-sell-out-of-tokenized-real-estate"",""https://help.prypco.com/en/articles/13740985-what-is-prypco"",""https://prypco.com/""]",2026-08-30,regional_companies_agent.csv,"Membership is a discovery relationship, not evidence of deployment or outcome."
rel-0996e3be6708,org-99-group-12db5df,99-Group,member_of_or_discovered_via,East-Ventures-Sequoia-Gaw,,reported_or_directory_observed,"[""https://99.co/"",""https://99.co/about-us"",""https://99.co/about-us/indonesia""]",2026-08-30,regional_companies_agent.csv,"Membership is a discovery relationship, not evidence of deployment or outcome."
rel-eeb29bb2303a,org-bproperty-79a37ab,Bproperty,member_of_or_discovered_via,EMPG-DCG-history,,reported_or_directory_observed,"[""https://bproperty.com/"",""https://bproperty.com/about-us"",""https://bproperty.com/terms-of-use"",""https://bssnews.net/business/107809""]",2026-08-30,regional_companies_agent.csv,"Membership is a discovery relationship, not evidence of deployment or outcome."
rel-046b5158ba3c,org-autodesk-construction-cloud-1c9b0c9,Autodesk Construction Cloud / Forma,member_of_or_discovered_via,Enterprise,,reported_or_directory_observed,"[""https://construction.autodesk.com/"",""https://construction.autodesk.com/resources/customer-success-stories/boustead-projects-cuts-rework-by-20-and-saves-months-on-handovers-with-autodesk-forma-2""]",2026-08-30,proptech_startups_agent.csv,"Membership is a discovery relationship, not evidence of deployment or outcome."
rel-675a4590f574,org-salesforce-real-estate-cloud-7d7e68a,Salesforce Real Estate Cloud,member_of_or_discovered_via,Enterprise,,reported_or_directory_observed,"[""https://salesforce.com/real-estate""]",2026-08-30,proptech_startups_agent.csv,"Membership is a discovery relationship, not evidence of deployment or outcome."
rel-aa296d2e0e31,org-aurora-solar-62db3f0,Aurora Solar,member_of_or_discovered_via,Fifth Wall,,reported_or_directory_observed,"[""https://aurorasolar.com/"",""https://fifthwall.com/portfolio""]",2026-08-30,proptech_startups_agent.csv,"Membership is a discovery relationship, not evidence of deployment or outcome."
rel-7e0999dd8b53,org-blend-f9b1cd1,Blend,member_of_or_discovered_via,Fifth Wall,,reported_or_directory_observed,"[""https://blend.com/"",""https://fifthwall.com/portfolio""]",2026-08-30,proptech_startups_agent.csv,"Membership is a discovery relationship, not evidence of deployment or outcome."
rel-5b390b46c1ec,org-brimstone-75851e3,Brimstone,member_of_or_discovered_via,Fifth Wall,,reported_or_directory_observed,"[""https://brimstoneenergy.com/"",""https://fifthwall.com/portfolio""]",2026-08-30,proptech_startups_agent.csv,"Membership is a discovery relationship, not evidence of deployment or outcome."
rel-611f70a282ca,org-built-technologies-83f4505,Built Technologies,member_of_or_discovered_via,Fifth Wall,,reported_or_directory_observed,"[""https://fifthwall.com/portfolio"",""https://getbuilt.com/""]",2026-08-30,proptech_startups_agent.csv,"Membership is a discovery relationship, not evidence of deployment or outcome."
rel-71cb1d72b2bf,org-butterflymx-e90e3bb,ButterflyMX,member_of_or_discovered_via,Fifth Wall,,reported_or_directory_observed,"[""https://butterflymx.com/"",""https://fifthwall.com/portfolio""]",2026-08-30,proptech_startups_agent.csv,"Membership is a discovery relationship, not evidence of deployment or outcome."
rel-81233c4bb064,org-fifth-wall-portfolio-17b20c3,Fifth Wall portfolio,member_of_or_discovered_via,Fifth Wall,,reported_or_directory_observed,"[""https://fifthwall.com/portfolio""]",2026-08-30,proptech_startups_agent.csv,"Membership is a discovery relationship, not evidence of deployment or outcome."
rel-bf1f36fed8cb,org-hippo-663710b,Hippo,member_of_or_discovered_via,Fifth Wall,,reported_or_directory_observed,"[""https://fifthwall.com/portfolio"",""https://hippo.com/""]",2026-08-30,proptech_startups_agent.csv,"Membership is a discovery relationship, not evidence of deployment or outcome."
rel-e96354701334,org-procore-9fbe212,Procore,member_of_or_discovered_via,Fifth Wall,,reported_or_directory_observed,"[""https://fifthwall.com/portfolio"",""https://procore.com/""]",2026-08-30,proptech_startups_agent.csv,"Membership is a discovery relationship, not evidence of deployment or outcome."
rel-43339ad44ec7,org-smartrent-04f495b,SmartRent,member_of_or_discovered_via,Fifth Wall,,reported_or_directory_observed,"[""https://fifthwall.com/portfolio"",""https://smartrent.com/""]",2026-08-30,proptech_startups_agent.csv,"Membership is a discovery relationship, not evidence of deployment or outcome."
rel-1fe25d702623,org-huspy-288c347,Huspy,member_of_or_discovered_via,Fifth-Wall-Peak-XV-Balderton,,reported_or_directory_observed,"[""https://huspy.com/ae"",""https://huspy.com/ae/blog/balderton-huspy"",""https://huspy.com/blog/huspy-series-a""]",2026-08-30,regional_companies_agent.csv,"Membership is a discovery relationship, not evidence of deployment or outcome."
rel-239cb0d1222b,org-brick-and-bolt-4809c48,Brick & Bolt,member_of_or_discovered_via,Foundamental,,reported_or_directory_observed,"[""https://bricknbolt.com/"",""https://bricknbolt.com/commercial-construction-company"",""https://foundamental.com/portfolio""]",2026-08-30,final_residual_additions.csv,"Membership is a discovery relationship, not evidence of deployment or outcome."
rel-cfc2de7be6c1,org-speckle-199e3b6,Speckle,member_of_or_discovered_via,Foundamental,,reported_or_directory_observed,"[""https://docs.speckle.systems/quickstart/welcome"",""https://foundamental.com/portfolio"",""https://speckle.systems/""]",2026-08-30,startup_core_additions.csv,"Membership is a discovery relationship, not evidence of deployment or outcome."
rel-40a6d91f4223,org-housmart-propocloud-a0ab301,Housmart-PropoCloud,member_of_or_discovered_via,GA-acquisition-2024,,reported_or_directory_observed,"[""https://edinetdb.jp/company/E34177/text?fy=2024"",""https://j-vgi.co.jp/en/news/housmart211008""]",2026-08-30,regional_companies_agent.csv,"Membership is a discovery relationship, not evidence of deployment or outcome."
rel-93161b8201cd,org-honeywell-forge-for-buildings-900b78b,Honeywell Forge for Buildings,member_of_or_discovered_via,Honeywell,,reported_or_directory_observed,"[""https://buildings.honeywell.com/us/en/solutions/automation-solutions/sustainability/connected-solutions"",""https://buildings.honeywell.com/us/en/solutions/buildings"",""https://honeywell.com/us/en/honeywell-forge""]",2026-08-30,enterprise_platform_additions.csv,"Membership is a discovery relationship, not evidence of deployment or outcome."
rel-ad185b2c375b,org-bpc-2d7019e,BPC,member_of_or_discovered_via,identity-unresolved,,reported_or_directory_observed,"[""https://wikipedia.org/wiki/BPC""]",2026-08-30,regional_companies_agent.csv,"Membership is a discovery relationship, not evidence of deployment or outcome."
rel-2feca8b3571b,org-infra-market-b3a2104,Infra-Market,member_of_or_discovered_via,Indian-construction-scaleup,,reported_or_directory_observed,"[""https://infra-prod.gumlet.io/ivas/PROD/06-05-2025/1746534342377_IVAS_DezineMandapam.pdf"",""https://infra.market/"",""https://infra.market/about-us""]",2026-08-30,regional_companies_agent.csv,"Membership is a discovery relationship, not evidence of deployment or outcome."
rel-a7680830db7a,org-nobroker-efe14d3,NoBroker,member_of_or_discovered_via,Indian-proptech-scaleup,,reported_or_directory_observed,"[""https://assets.nobroker.in/static/img/press/nb_in_chennai.pdf"",""https://nobroker.in/"",""https://nobroker.in/forum/wp-content/uploads/2026/01/NoBroker_Realestate_Report_2025_compressed.pdf""]",2026-08-30,regional_companies_agent.csv,"Membership is a discovery relationship, not evidence of deployment or outcome."
rel-090d526dacc0,org-landeed-505b2d4,Landeed,member_of_or_discovered_via,Indian-proptech-venture,,reported_or_directory_observed,"[""https://landeed.com/"",""https://landeed.com/about""]",2026-08-30,regional_companies_agent.csv,"Membership is a discovery relationship, not evidence of deployment or outcome."
rel-7d2410b6204c,org-barikoi-0f8853c,Barikoi,member_of_or_discovered_via,Iterative-IDLC-AcceliCITY,,reported_or_directory_observed,"[""https://barikoi.com/"",""https://crunchbase.com/organization/barikoi"",""https://linkedin.com/posts/idlc-asset-management-limited_idlc-venture-capitalhas-made-an-equity-investment-activity-7196948544384098304-EgcV""]",2026-08-30,regional_companies_agent.csv,"Membership is a discovery relationship, not evidence of deployment or outcome."
rel-d81487959cca,org-alice-technologies-3d2a5de,ALICE Technologies,member_of_or_discovered_via,JLL Spark,,reported_or_directory_observed,"[""https://alicetechnologies.com/"",""https://alicetechnologies.com/construction-optioneering"",""https://brickmortar.vc/portfolio"",""https://spark.jllt.com/portfolio""]",2026-08-30,final_residual_additions.csv,"Membership is a discovery relationship, not evidence of deployment or outcome."
rel-aaa6daf83cc6,org-turntide-35dea2f,Turntide,member_of_or_discovered_via,JLL Spark/Fifth Wall,,reported_or_directory_observed,"[""https://spark.jllt.com/"",""https://turntide.com/""]",2026-08-30,proptech_startups_agent.csv,"Membership is a discovery relationship, not evidence of deployment or outcome."
rel-d430c46510f7,org-johnson-controls-openblue-d609fb9,Johnson Controls OpenBlue,member_of_or_discovered_via,Johnson Controls,,reported_or_directory_observed,"[""https://johnsoncontrols.com/media-center/news/press-releases/2026/08/04/johnson-controls-unveils-ai-powered-openblue-platform-expansions"",""https://openblue.johnsoncontrols.com/"",""https://openblue.johnsoncontrols.com/openblue-intelligence""]",2026-08-30,enterprise_platform_additions.csv,"Membership is a discovery relationship, not evidence of deployment or outcome."
rel-111a5864045f,org-unova-estate-7be6c79,Unova-Estate,member_of_or_discovered_via,local-AI-vendor,,reported_or_directory_observed,"[""https://estate.unova.bd/"",""https://estate.unova.bd/solutions/erp-for-real-estate-developers""]",2026-08-30,regional_companies_agent.csv,"Membership is a discovery relationship, not evidence of deployment or outcome."
rel-de0a079870ad,org-nirmanbazaar-a26f78c,NirmanBazaar,member_of_or_discovered_via,local-early-stage,,reported_or_directory_observed,"[""https://info-vendor.nirmanbazaar.com/"",""https://nirmanbazaar.com.bd/""]",2026-08-30,regional_companies_agent.csv,"Membership is a discovery relationship, not evidence of deployment or outcome."
rel-d8933c220eb9,org-propertyland-b1fe12b,PropertyLand,member_of_or_discovered_via,local-early-stage,,reported_or_directory_observed,"[""https://propertyland.co/"",""https://propertyland.co/footer/about""]",2026-08-30,regional_companies_agent.csv,"Membership is a discovery relationship, not evidence of deployment or outcome."
rel-607fd7e9f13f,org-proq-cf33256,ProQ,member_of_or_discovered_via,local-early-stage,,reported_or_directory_observed,"[""https://linkedin.com/company/proq-platform"",""https://proq.com.bd/""]",2026-08-30,regional_companies_agent.csv,"Membership is a discovery relationship, not evidence of deployment or outcome."
rel-df0c437253f2,org-sharebari-9a44fdf,ShareBari,member_of_or_discovered_via,local-early-stage,,reported_or_directory_observed,"[""https://sharebari.com/""]",2026-08-30,regional_companies_agent.csv,"Membership is a discovery relationship, not evidence of deployment or outcome."
rel-0c21ebd5d2a3,org-e-hishabi-b51c1b7,E-Hishabi,member_of_or_discovered_via,local-ERP-vendor,,reported_or_directory_observed,"[""https://ehishabi.com/""]",2026-08-30,regional_companies_agent.csv,"Membership is a discovery relationship, not evidence of deployment or outcome."
rel-b8aab021d9a5,org-jomee-jomaa-d8b40e9,Jomee-Jomaa,member_of_or_discovered_via,local-fintech-proptech,,reported_or_directory_observed,"[""https://jomeejomaa.com/"",""https://jomeejomaa.com/terms"",""https://thedailystar.net/tech-startup/news/fractional-land-investment-platform-jomee-jomaa-launched-3444451""]",2026-08-30,regional_companies_agent.csv,"Membership is a discovery relationship, not evidence of deployment or outcome."
rel-3e229c139261,org-vextrus-988c4a5,Vextrus,member_of_or_discovered_via,local-KUET-founders,,reported_or_directory_observed,"[""https://bd.linkedin.com/company/vextrus"",""https://vextrus.com/""]",2026-08-30,regional_companies_agent.csv,"Membership is a discovery relationship, not evidence of deployment or outcome."
rel-6f574ecee604,org-truzo-5012b1e,Truzo,member_of_or_discovered_via,local-pilot,,reported_or_directory_observed,"[""https://truzo.app/""]",2026-08-30,regional_companies_agent.csv,"Membership is a discovery relationship, not evidence of deployment or outcome."
rel-be2cb0f3eda6,org-mahindra-lifespaces-55a7354,Mahindra Lifespaces,member_of_or_discovered_via,Mahindra Group,,reported_or_directory_observed,"[""https://cms.mahindralifespaces.com/web/node/4161"",""https://mahindralifespaces.com/"",""https://mahindralifespaces.com/investor-center?category=annual-reports"",""https://mldlprodstorage.blob.core.windows.net/live/2025/07/269865_MLDL_AR_2025_Final.pdf""]",2026-08-30,operator_coverage_additions.csv,"Membership is a discovery relationship, not evidence of deployment or outcome."
rel-a566b77823ec,org-metaprop-portfolio-bda9b60,MetaProp portfolio,member_of_or_discovered_via,MetaProp,,reported_or_directory_observed,"[""https://metaprop.com/"",""https://metaprop.com/portfolio""]",2026-08-30,proptech_startups_agent.csv,"Membership is a discovery relationship, not evidence of deployment or outcome."
rel-67f9260558e2,org-estate-intel-539a151,Estate Intel,member_of_or_discovered_via,MetaProp/Independent,,reported_or_directory_observed,"[""https://estateintel.com/"",""https://estateintel.com/insights/this-is-ei-pro-more-affordable-access-to-real-estate-data""]",2026-08-30,coverage_gap_additions.csv,"Membership is a discovery relationship, not evidence of deployment or outcome."
rel-14dea32d7754,org-asano-7c359e8,Asano,member_of_or_discovered_via,NAR REACH Middle East 2026,,reported_or_directory_observed,"[""https://nar-reach.com/news""]",2026-08-30,proptech_startups_agent.csv,"Membership is a discovery relationship, not evidence of deployment or outcome."
rel-019b4cd3a25d,org-holox-0928a35,HoloX,member_of_or_discovered_via,NAR REACH Middle East 2026,,reported_or_directory_observed,"[""https://nar-reach.com/news""]",2026-08-30,proptech_startups_agent.csv,"Membership is a discovery relationship, not evidence of deployment or outcome."
rel-f238dc12d1c7,org-rewa-f6d2379,Rewa,member_of_or_discovered_via,NAR REACH Middle East 2026,,reported_or_directory_observed,"[""https://nar-reach.com/news""]",2026-08-30,proptech_startups_agent.csv,"Membership is a discovery relationship, not evidence of deployment or outcome."
rel-e19105246837,org-takeem-1d723c2,Takeem,member_of_or_discovered_via,NAR REACH Middle East 2026,,reported_or_directory_observed,"[""https://nar-reach.com/news""]",2026-08-30,proptech_startups_agent.csv,"Membership is a discovery relationship, not evidence of deployment or outcome."
rel-9d2f92a8bb81,org-watad-43c1925,Watad,member_of_or_discovered_via,NAR REACH Middle East 2026,,reported_or_directory_observed,"[""https://nar-reach.com/news""]",2026-08-30,proptech_startups_agent.csv,"Membership is a discovery relationship, not evidence of deployment or outcome."
rel-292e7891b2e5,org-ai-realestate-d2e60f1,Ai.realestate,member_of_or_discovered_via,NAR REACH US Residential 2026,,reported_or_directory_observed,"[""https://nar-reach.com/second-century-ventures-announces-6-technology-companies-for-2026-reach-scale-up-program""]",2026-08-30,proptech_startups_agent.csv,"Membership is a discovery relationship, not evidence of deployment or outcome."
rel-d224c433e3d9,org-association-online-7880320,Association Online,member_of_or_discovered_via,NAR REACH US Residential 2026,,reported_or_directory_observed,"[""https://nar-reach.com/second-century-ventures-announces-6-technology-companies-for-2026-reach-scale-up-program""]",2026-08-30,proptech_startups_agent.csv,"Membership is a discovery relationship, not evidence of deployment or outcome."
rel-135a75a8b4e4,org-brokerbot-ae596f6,BrokerBot,member_of_or_discovered_via,NAR REACH US Residential 2026,,reported_or_directory_observed,"[""https://nar-reach.com/second-century-ventures-announces-6-technology-companies-for-2026-reach-scale-up-program""]",2026-08-30,proptech_startups_agent.csv,"Membership is a discovery relationship, not evidence of deployment or outcome."
rel-8f9b3b5c9ad0,org-lotroll-83be313,LotRoll,member_of_or_discovered_via,NAR REACH US Residential 2026,,reported_or_directory_observed,"[""https://nar-reach.com/second-century-ventures-announces-6-technology-companies-for-2026-reach-scale-up-program""]",2026-08-30,proptech_startups_agent.csv,"Membership is a discovery relationship, not evidence of deployment or outcome."
rel-da5d61f0e299,org-maxhome-ai-e6888c9,MaxHome.ai,member_of_or_discovered_via,NAR REACH US Residential 2026,,reported_or_directory_observed,"[""https://nar-reach.com/second-century-ventures-announces-6-technology-companies-for-2026-reach-scale-up-program""]",2026-08-30,proptech_startups_agent.csv,"Membership is a discovery relationship, not evidence of deployment or outcome."
rel-c642c16fcddd,org-stackwrap-dab4401,StackWrap,member_of_or_discovered_via,NAR REACH US Residential 2026,,reported_or_directory_observed,"[""https://nar-reach.com/second-century-ventures-announces-6-technology-companies-for-2026-reach-scale-up-program""]",2026-08-30,proptech_startups_agent.csv,"Membership is a discovery relationship, not evidence of deployment or outcome."
rel-e706ee4e5a1b,org-nar-reach-portfolio-068d892,NAR REACH portfolio,member_of_or_discovered_via,NAR/Second Century Ventures,,reported_or_directory_observed,"[""https://nar-reach.com/""]",2026-08-30,proptech_startups_agent.csv,"Membership is a discovery relationship, not evidence of deployment or outcome."
rel-043da728d1b3,org-property24-3a2a0bf,Property24,member_of_or_discovered_via,Naspers,,reported_or_directory_observed,"[""https://property24.com/about-us""]",2026-08-30,coverage_gap_additions.csv,"Membership is a discovery relationship, not evidence of deployment or outcome."
rel-5ac071df8d59,org-aurum-proptech-3c687dc,Aurum-PropTech,member_of_or_discovered_via,NSE-BSE-Aurum-ecosystem,,reported_or_directory_observed,"[""https://aurumproptech.in/"",""https://aurumproptech.in/about""]",2026-08-30,regional_companies_agent.csv,"Membership is a discovery relationship, not evidence of deployment or outcome."
rel-87f7e1559176,org-archistar-2a1bcac,Archistar,member_of_or_discovered_via,NSW-AI-Planning-panel-government-grant,,reported_or_directory_observed,"[""https://archistar.ai/"",""https://archistar.ai/for-property-developers-legacy"",""https://planning.nsw.gov.au/news/nsw-government-bringing-planning-21st-century""]",2026-08-30,regional_companies_agent.csv,"Membership is a discovery relationship, not evidence of deployment or outcome."
rel-94a5ed9f2aa2,org-oracle-construction-and-engineering-7e92f1f,Oracle Construction & Engineering,member_of_or_discovered_via,Oracle,,reported_or_directory_observed,"[""https://docs.oracle.com/en/industries/construction-engineering"",""https://oracle.com/construction-engineering/aconex"",""https://oracle.com/construction-engineering/textura-construction-payment-management""]",2026-08-30,enterprise_platform_additions.csv,"Membership is a discovery relationship, not evidence of deployment or outcome."
rel-454e4820d22e,org-nawy-fea68ec,Nawy,member_of_or_discovered_via,Partech-eCapital-Nclude,,reported_or_directory_observed,"[""https://nawy.com/"",""https://nawy.com/about-us"",""https://nawy.com/blog/116847-nawy-raises-a-52m-series-a-to-take-on-mena""]",2026-08-30,regional_companies_agent.csv,"Membership is a discovery relationship, not evidence of deployment or outcome."
rel-068d17de0729,org-elyos-ai-90065ff,Elyos AI,member_of_or_discovered_via,Pi Labs,,reported_or_directory_observed,"[""https://elyos.ai/"",""https://pilabs.vc/portfolio?sort=date_desc""]",2026-08-30,coverage_gap_additions.csv,"Membership is a discovery relationship, not evidence of deployment or outcome."
rel-1fed9299c3e0,org-kestrix-45a7de9,Kestrix,member_of_or_discovered_via,Pi Labs,,reported_or_directory_observed,"[""https://kestrix.io/"",""https://pilabs.vc/portfolio?sort=date_desc""]",2026-08-30,coverage_gap_additions.csv,"Membership is a discovery relationship, not evidence of deployment or outcome."
rel-bf6944699678,org-landtech-82e0a84,LandTech,member_of_or_discovered_via,Pi Labs,,reported_or_directory_observed,"[""https://land.tech/"",""https://pilabs.vc/portfolio?sort=date_desc""]",2026-08-30,proptech_startups_agent.csv,"Membership is a discovery relationship, not evidence of deployment or outcome."
rel-75a5d898b7f0,org-pi-labs-portfolio-188a1d3,Pi Labs portfolio,member_of_or_discovered_via,Pi Labs,,reported_or_directory_observed,"[""https://pilabs.vc/portfolio?sort=date_desc""]",2026-08-30,proptech_startups_agent.csv,"Membership is a discovery relationship, not evidence of deployment or outcome."
rel-5c37a8f2906a,org-plentific-279d25e,Plentific,member_of_or_discovered_via,Pi Labs,,reported_or_directory_observed,"[""https://pilabs.vc/portfolio?sort=date_desc"",""https://plentific.com/""]",2026-08-30,coverage_gap_additions.csv,"Membership is a discovery relationship, not evidence of deployment or outcome."
rel-18adf2cb099c,org-qualis-flow-6468e8b,Qualis Flow,member_of_or_discovered_via,Pi Labs,,reported_or_directory_observed,"[""https://pilabs.vc/portfolio?sort=date_desc"",""https://qualisflow.com/""]",2026-08-30,coverage_gap_additions.csv,"Membership is a discovery relationship, not evidence of deployment or outcome."
rel-17904e0ae426,org-switchee-205db60,Switchee,member_of_or_discovered_via,Pi Labs,,reported_or_directory_observed,"[""https://pilabs.vc/portfolio?sort=date_desc"",""https://switchee.co/""]",2026-08-30,proptech_startups_agent.csv,"Membership is a discovery relationship, not evidence of deployment or outcome."
rel-27d086514948,org-qiddiya-investment-c4e1996,Qiddiya Investment Company,member_of_or_discovered_via,PIF portfolio company,,reported_or_directory_observed,"[""https://qiddiya.com/"",""https://qiddiya.com/about/sustainability"",""https://qiddiya.com/en"",""https://spa.gov.sa/en/N2440931""]",2026-08-30,operator_coverage_additions.csv,"Membership is a discovery relationship, not evidence of deployment or outcome."
rel-7de1fde20b01,org-red-sea-global-b4c8daa,Red Sea Global,member_of_or_discovered_via,PIF portfolio company,,reported_or_directory_observed,"[""https://redseaglobal.com/"",""https://redseaglobal.com/en/responsible-development"",""https://redseaglobal.com/en/responsible-development/planet"",""https://webserver-redseaportal-prd.lfr.cloud/en/web/guest/responsible-development""]",2026-08-30,operator_coverage_additions.csv,"Membership is a discovery relationship, not evidence of deployment or outcome."
rel-70c54793df59,org-plug-and-play-real-estate-and-construction-d45b0c2,Plug and Play Real Estate & Construction,member_of_or_discovered_via,Plug and Play,,reported_or_directory_observed,"[""https://welcome.plugandplaytechcenter.com/hubfs/Mobility%20SV%20Folder/June%20Summit%202025%20Decks/Real%20Estate%20%26%20Construction%20Expo.pdf"",""https://welcome.plugandplaytechcenter.com/investment-portfolio""]",2026-08-30,proptech_startups_agent.csv,"Membership is a discovery relationship, not evidence of deployment or outcome."
rel-e1f421f66171,org-bentley-systems-ecbac87,Bentley Systems,member_of_or_discovered_via,Public,,reported_or_directory_observed,"[""https://bentley.com/en/products/itwin-iot"",""https://bentley.com/en/products/itwin-platform""]",2026-08-30,coverage_gap_additions.csv,"Membership is a discovery relationship, not evidence of deployment or outcome."
rel-7a125807fd67,org-fbr-hadrian-x-b896b3f,FBR / Hadrian X,member_of_or_discovered_via,Public,,reported_or_directory_observed,"[""https://fbr.com.au/"",""https://fbr.com.au/view/hadrian""]",2026-08-30,coverage_gap_additions.csv,"Membership is a discovery relationship, not evidence of deployment or outcome."
rel-264277470048,org-hexagon-11725d3,Hexagon,member_of_or_discovered_via,Public,,reported_or_directory_observed,"[""https://hexagon.com/company/divisions/geosystems"",""https://hexagon.com/solutions/digital-realities""]",2026-08-30,coverage_gap_additions.csv,"Membership is a discovery relationship, not evidence of deployment or outcome."
rel-2f9e05615efb,org-nemetschek-8aa57f2,Nemetschek,member_of_or_discovered_via,Public,,reported_or_directory_observed,"[""https://nemetschek.com/en/company/brands"",""https://nemetschek.com/en/solutions""]",2026-08-30,coverage_gap_additions.csv,"Membership is a discovery relationship, not evidence of deployment or outcome."
rel-b0ddbeecd4ac,org-trimble-77e0db1,Trimble,member_of_or_discovered_via,Public,,reported_or_directory_observed,"[""https://civilconstruction.trimble.com/en/products/software/trimble-connect"",""https://trimble.com/en/solutions/trimble-construction-one""]",2026-08-30,coverage_gap_additions.csv,"Membership is a discovery relationship, not evidence of deployment or outcome."
rel-77374d911fc7,org-saudi-proptech-hub-rega-e45df16,Saudi-PropTech-Hub-REGA,member_of_or_discovered_via,REGA-NTDP-Startup-Wise-Guys,,reported_or_directory_observed,"[""https://rega.gov.sa/en/rega-services/platforms/saudi-proptech-hub"",""https://spa.gov.sa/en/N2196077""]",2026-08-30,regional_companies_agent.csv,"Membership is a discovery relationship, not evidence of deployment or outcome."
rel-c943208607a8,org-stake-2f6c8f6,Stake,member_of_or_discovered_via,regional-fractional,,reported_or_directory_observed,"[""https://getstake.com/"",""https://help.getstake.com/en/articles/6570336-who-can-invest-in-uae"",""https://help.getstake.com/en/articles/8249047-how-do-i-begin""]",2026-08-30,regional_companies_agent.csv,"Membership is a discovery relationship, not evidence of deployment or outcome."
rel-fe26db423ba6,org-funnel-leasing-6474af3,Funnel Leasing,member_of_or_discovered_via,RET Ventures,,reported_or_directory_observed,"[""https://funnelleasing.com/"",""https://funnelleasing.com/about"",""https://ret.vc/portfolio""]",2026-08-30,startup_core_additions.csv,"Membership is a discovery relationship, not evidence of deployment or outcome."
rel-885044c59200,org-lula-f8449a2,Lula,member_of_or_discovered_via,RET Ventures,,reported_or_directory_observed,"[""https://lula.life/"",""https://lula.life/company"",""https://ret.vc/portfolio""]",2026-08-30,startup_core_additions.csv,"Membership is a discovery relationship, not evidence of deployment or outcome."
rel-1552c6662d77,org-predictap-bf6e0e8,PredictAP,member_of_or_discovered_via,RET Ventures,,reported_or_directory_observed,"[""https://predictap.com/"",""https://ret.vc/perspectives/looking-back-on-a-successful-2023"",""https://ret.vc/portfolio""]",2026-08-30,startup_core_additions.csv,"Membership is a discovery relationship, not evidence of deployment or outcome."
rel-8e1c161a5abc,org-property-shield-8c6800f,Property Shield,member_of_or_discovered_via,RET Ventures,,reported_or_directory_observed,"[""https://propertyshield.co/"",""https://ret.vc/portfolio""]",2026-08-30,startup_core_additions.csv,"Membership is a discovery relationship, not evidence of deployment or outcome."
rel-28ff2c385259,org-stan-ai-7f63428,Stan.AI,member_of_or_discovered_via,RET Ventures,,reported_or_directory_observed,"[""https://ret.vc/portfolio"",""https://stan.ai/"",""https://stan.ai/company""]",2026-08-30,startup_core_additions.csv,"Membership is a discovery relationship, not evidence of deployment or outcome."
rel-a7bd080f2d6c,org-passivelogic-138e956,PassiveLogic,member_of_or_discovered_via,RET Ventures portfolio,,reported_or_directory_observed,"[""https://passivelogic.com/"",""https://passivelogic.com/downloads/Builder-ProdSheet-%202025_web.pdf"",""https://prnewswire.com/news-releases/passivelogic-introduces-the-worlds-first-generative-autonomy-platform-for-buildings-and-industrial-infrastructure-302820208.html""]",2026-08-30,enterprise_platform_additions.csv,"Membership is a discovery relationship, not evidence of deployment or outcome."
rel-e6cf07f5f143,org-wakecap-a08c5b1,WakeCap,member_of_or_discovered_via,Saudi-contech,,reported_or_directory_observed,"[""https://wakecap.com/"",""https://wakecap.com/news-and-events/wakecap-acquires-crews-by-core"",""https://wakecap.com/news-and-events/wakecap-openspace-partnership""]",2026-08-30,regional_companies_agent.csv,"Membership is a discovery relationship, not evidence of deployment or outcome."
rel-bd73dabd8dea,org-schneider-electric-ecostruxure-building-677b955,Schneider Electric EcoStruxure Building,member_of_or_discovered_via,Schneider Electric,,reported_or_directory_observed,"[""https://se.com/ww/en/assets/564/document/514405/presentation-agm-2025-en.pdf"",""https://se.com/ww/en/work/products/product-launch/building-management-system""]",2026-08-30,enterprise_platform_additions.csv,"Membership is a discovery relationship, not evidence of deployment or outcome."
rel-f478c0b8fdf2,org-zenatix-bb347b7,Zenatix,member_of_or_discovered_via,Schneider-Electric,,reported_or_directory_observed,"[""https://zenatix.com/"",""https://zenatix.com/about""]",2026-08-30,regional_companies_agent.csv,"Membership is a discovery relationship, not evidence of deployment or outcome."
rel-6670b83a395d,org-propertyguru-366b88f,PropertyGuru,member_of_or_discovered_via,SEA-portal,,reported_or_directory_observed,"[""https://propertyguru.com.sg/"",""https://propertyguru.com.sg/about-us/our-company""]",2026-08-30,regional_companies_agent.csv,"Membership is a discovery relationship, not evidence of deployment or outcome."
rel-ada48f32e7ca,org-auar-c47f01d,AUAR,member_of_or_discovered_via,Shadow Ventures,,reported_or_directory_observed,"[""https://auar.io/"",""https://auar.io/how-it-works"",""https://shadow.vc/investments/auar""]",2026-08-30,startup_core_additions.csv,"Membership is a discovery relationship, not evidence of deployment or outcome."
rel-e79183ad079a,org-lumina-375ff59,Lumina,member_of_or_discovered_via,Shadow Ventures,,reported_or_directory_observed,"[""https://luminatech.co/"",""https://luminatech.co/moonlander"",""https://shadow.vc/investments/lumina""]",2026-08-30,startup_core_additions.csv,"Membership is a discovery relationship, not evidence of deployment or outcome."
rel-857b6c31a746,org-magicdoor-2e9843c,MagicDoor,member_of_or_discovered_via,Shadow Ventures,,reported_or_directory_observed,"[""https://magicdoor.com/"",""https://shadow.vc/blog/announcing-our-investment-in-magicdoor"",""https://shadow.vc/investments/magicdoor""]",2026-08-30,startup_core_additions.csv,"Membership is a discovery relationship, not evidence of deployment or outcome."
rel-585d1bb50844,org-siemens-building-x-4e09386,Siemens Building X,member_of_or_discovered_via,Siemens,,reported_or_directory_observed,"[""https://news.siemens.com/en-us/siemens-presents-building-x-an-ai-based-solution-for-transforming-buildings-into-climate-neutral-buildings"",""https://siemens.com/en-gb/products/building-x""]",2026-08-30,enterprise_platform_additions.csv,"Membership is a discovery relationship, not evidence of deployment or outcome."
rel-e7c5967ccfa6,org-properp-1c4f6f4,PropERP,member_of_or_discovered_via,SpaGreen-Creative,,reported_or_directory_observed,"[""https://properp.app/"",""https://properp.app/bn""]",2026-08-30,regional_companies_agent.csv,"Membership is a discovery relationship, not evidence of deployment or outcome."
rel-5e2dc55dcebb,org-ampd-energy-d47df2a,Ampd Energy,member_of_or_discovered_via,Taronga RealTechX,,reported_or_directory_observed,"[""https://ampd.energy/"",""https://tarongagroup.com/realtechx""]",2026-08-30,proptech_startups_agent.csv,"Membership is a discovery relationship, not evidence of deployment or outcome."
rel-61f0adc0313b,org-carboncure-3c06351,CarbonCure,member_of_or_discovered_via,Taronga RealTechX,,reported_or_directory_observed,"[""https://carboncure.com/"",""https://tarongagroup.com/realtechx""]",2026-08-30,proptech_startups_agent.csv,"Membership is a discovery relationship, not evidence of deployment or outcome."
rel-27f850df2b12,org-facilio-ee1952a,Facilio,member_of_or_discovered_via,Taronga RealTechX,,reported_or_directory_observed,"[""https://facilio.com/"",""https://facilio.com/case-study/al-fajer"",""https://tarongagroup.com/realtechx""]",2026-08-30,proptech_startups_agent.csv,"Membership is a discovery relationship, not evidence of deployment or outcome."
rel-5a127c2e3193,org-inspace-a027d14,Inspace,member_of_or_discovered_via,Taronga RealTechX,,reported_or_directory_observed,"[""https://inspace.io/"",""https://tarongagroup.com/realtechx""]",2026-08-30,proptech_startups_agent.csv,"Membership is a discovery relationship, not evidence of deployment or outcome."
rel-cca985cc6b2a,org-measurabl-19110f1,Measurabl,member_of_or_discovered_via,Taronga RealTechX,,reported_or_directory_observed,"[""https://measurabl.com/"",""https://tarongagroup.com/realtechx""]",2026-08-30,proptech_startups_agent.csv,"Membership is a discovery relationship, not evidence of deployment or outcome."
rel-dab0729c5369,org-openspace-15aa2fd,OpenSpace,member_of_or_discovered_via,Taronga RealTechX,,reported_or_directory_observed,"[""https://get.openspace.ai/rs/283-OVQ-169/images/OpenSpace-Case-Study-Lendlease-en.pdf"",""https://openspace.ai/""]",2026-08-30,proptech_startups_agent.csv,"Membership is a discovery relationship, not evidence of deployment or outcome."
rel-bb28547119dc,org-qflow-9a7b840,Qflow,member_of_or_discovered_via,Taronga RealTechX,,reported_or_directory_observed,"[""https://qflow.tech/"",""https://tarongagroup.com/realtechx""]",2026-08-30,proptech_startups_agent.csv,"Membership is a discovery relationship, not evidence of deployment or outcome."
rel-2b6d0c9b3137,org-trendspek-f3aa791,Trendspek,member_of_or_discovered_via,Taronga RealTechX,,reported_or_directory_observed,"[""https://tarongagroup.com/realtechx"",""https://trendspek.com/""]",2026-08-30,proptech_startups_agent.csv,"Membership is a discovery relationship, not evidence of deployment or outcome."
rel-6167c6020f70,org-uhoo-7143ba7,uHoo,member_of_or_discovered_via,Taronga RealTechX,,reported_or_directory_observed,"[""https://tarongagroup.com/realtechx"",""https://uhooair.com/""]",2026-08-30,proptech_startups_agent.csv,"Membership is a discovery relationship, not evidence of deployment or outcome."
rel-44563e897bd5,org-wint-44d2ec1,WINT,member_of_or_discovered_via,Taronga RealTechX,,reported_or_directory_observed,"[""https://tarongagroup.com/realtechx"",""https://wint.ai/""]",2026-08-30,proptech_startups_agent.csv,"Membership is a discovery relationship, not evidence of deployment or outcome."
rel-5a2fd45b2902,org-taronga-realtechx-632296d,Taronga RealTechX,member_of_or_discovered_via,Taronga Ventures,,reported_or_directory_observed,"[""https://tarongagroup.com/realtechx""]",2026-08-30,proptech_startups_agent.csv,"Membership is a discovery relationship, not evidence of deployment or outcome."
rel-ddf9c6664bb1,org-wiredscore-75d1974,WiredScore,member_of_or_discovered_via,Taronga/RealTechX,,reported_or_directory_observed,"[""https://tarongagroup.com/realtechx"",""https://wiredscore.com/""]",2026-08-30,proptech_startups_agent.csv,"Membership is a discovery relationship, not evidence of deployment or outcome."
rel-02699233001d,org-ga-technologies-renosy-af2b82d,GA-Technologies-RENOSY,member_of_or_discovered_via,Tokyo-Stock-Exchange-RENOSY-ITANDI,,reported_or_directory_observed,"[""https://edinetdb.jp/company/E34177/text?fy=2024"",""https://ga-tech.co.jp/en"",""https://ga-tech.co.jp/en/company/history""]",2026-08-30,regional_companies_agent.csv,"Membership is a discovery relationship, not evidence of deployment or outcome."
rel-d1609a80a037,org-propexo-5b7a6ab,Propexo,member_of_or_discovered_via,Y Combinator,,reported_or_directory_observed,"[""https://propexo.com/"",""https://ycombinator.com/companies/propexo""]",2026-08-30,proptech_startups_agent.csv,"Membership is a discovery relationship, not evidence of deployment or outcome."
rel-96a287e0eddc,org-clau-d85bf61,Clau,member_of_or_discovered_via,Y Combinator S2020,,reported_or_directory_observed,"[""https://ycombinator.com/companies/clau""]",2026-08-30,coverage_gap_additions.csv,"Membership is a discovery relationship, not evidence of deployment or outcome."
rel-e6dde3fd4797,org-apply-design-73f51a0,Apply Design,member_of_or_discovered_via,Y Combinator S2022,,reported_or_directory_observed,"[""https://ycombinator.com/companies/apply-design""]",2026-08-30,coverage_gap_additions.csv,"Membership is a discovery relationship, not evidence of deployment or outcome."
rel-6daab01e70fc,org-paces-c08a2fe,Paces,member_of_or_discovered_via,Y Combinator S2022,,reported_or_directory_observed,"[""https://ycombinator.com/companies/paces""]",2026-08-30,coverage_gap_additions.csv,"Membership is a discovery relationship, not evidence of deployment or outcome."
rel-94ace350ecba,org-assembly-hoa-ccdf571,Assembly HOA,member_of_or_discovered_via,Y Combinator S2024,,reported_or_directory_observed,"[""https://ycombinator.com/companies/assembly-hoa""]",2026-08-30,coverage_gap_additions.csv,"Membership is a discovery relationship, not evidence of deployment or outcome."
rel-0b4d398d2b1f,org-propaya-ee84d26,Propaya,member_of_or_discovered_via,Y Combinator S2024,,reported_or_directory_observed,"[""https://ycombinator.com/companies/propaya""]",2026-08-30,coverage_gap_additions.csv,"Membership is a discovery relationship, not evidence of deployment or outcome."
rel-40dc4d5d8136,org-rentflow-7f79886,RentFlow,member_of_or_discovered_via,Y Combinator S2024,,reported_or_directory_observed,"[""https://ycombinator.com/companies/rentflow""]",2026-08-30,coverage_gap_additions.csv,"Membership is a discovery relationship, not evidence of deployment or outcome."
rel-884566956019,org-houm-8d7c85c,Houm,member_of_or_discovered_via,Y Combinator W2021,,reported_or_directory_observed,"[""https://houm.com/co/quienes-somos"",""https://ycombinator.com/companies/houm""]",2026-08-30,coverage_gap_additions.csv,"Membership is a discovery relationship, not evidence of deployment or outcome."
rel-e6d0e47f0ae0,org-agave-d371575,Agave,member_of_or_discovered_via,Y Combinator W2022,,reported_or_directory_observed,"[""https://ycombinator.com/companies/agave""]",2026-08-30,coverage_gap_additions.csv,"Membership is a discovery relationship, not evidence of deployment or outcome."
rel-da4aba811d63,org-gojom-1727459,GoJom,member_of_or_discovered_via,Y Combinator W2022,,reported_or_directory_observed,"[""https://ycombinator.com/companies/gojom""]",2026-08-30,coverage_gap_additions.csv,"Membership is a discovery relationship, not evidence of deployment or outcome."
rel-dc1be9987492,org-material-depot-494da72,Material Depot,member_of_or_discovered_via,Y Combinator W2022,,reported_or_directory_observed,"[""https://ycombinator.com/companies/material-depot""]",2026-08-30,coverage_gap_additions.csv,"Membership is a discovery relationship, not evidence of deployment or outcome."
rel-21dbe9d86f25,org-permitflow-157886b,PermitFlow,member_of_or_discovered_via,Y Combinator W2022,,reported_or_directory_observed,"[""https://ycombinator.com/companies/permitflow""]",2026-08-30,coverage_gap_additions.csv,"Membership is a discovery relationship, not evidence of deployment or outcome."
rel-6823d1a99cda,org-stairs-financial-76f4a0b,Stairs Financial,member_of_or_discovered_via,Y Combinator W2022,,reported_or_directory_observed,"[""https://ycombinator.com/companies/stairs-financial""]",2026-08-30,coverage_gap_additions.csv,"Membership is a discovery relationship, not evidence of deployment or outcome."
rel-0dabe5384027,org-wereno-34fab03,WeReno,member_of_or_discovered_via,Y Combinator W2022,,reported_or_directory_observed,"[""https://ycombinator.com/companies/wereno""]",2026-08-30,coverage_gap_additions.csv,"Membership is a discovery relationship, not evidence of deployment or outcome."
rel-c8fccb685834,org-flexdesk-024af53,FlexDesk,member_of_or_discovered_via,Y Combinator W2023,,reported_or_directory_observed,"[""https://ycombinator.com/companies/flexdesk""]",2026-08-30,coverage_gap_additions.csv,"Membership is a discovery relationship, not evidence of deployment or outcome."
rel-3fa40e684d6c,org-inbuild-0282ee3,inBuild,member_of_or_discovered_via,Y Combinator W2023,,reported_or_directory_observed,"[""https://ycombinator.com/companies/inbuild""]",2026-08-30,coverage_gap_additions.csv,"Membership is a discovery relationship, not evidence of deployment or outcome."
rel-f6d986cbf780,org-homebase-sea-finance-75bb47f,Homebase-SEA,member_of_or_discovered_via,Y-Combinator-W21-Antler-Iterative,,reported_or_directory_observed,"[""https://homebase.ai/"",""https://ycombinator.com/companies/homebase""]",2026-08-30,regional_companies_agent.csv,"Membership is a discovery relationship, not evidence of deployment or outcome."
rel-d5ebf73795d2,org-permitportal-5607258,PermitPortal,member_of_or_discovered_via,YC F2024,,reported_or_directory_observed,"[""https://ycombinator.com/companies/permitportal""]",2026-08-30,proptech_startups_agent.csv,"Membership is a discovery relationship, not evidence of deployment or outcome."
rel-6338234f0eab,org-automax-ai-d3cbf41,Automax.ai,member_of_or_discovered_via,YC F2025,,reported_or_directory_observed,"[""https://ycombinator.com/companies/automax-ai""]",2026-08-30,proptech_startups_agent.csv,"Membership is a discovery relationship, not evidence of deployment or outcome."
rel-cec6681f33b8,org-goldbridge-afb37b0,Goldbridge,member_of_or_discovered_via,YC F2025,,reported_or_directory_observed,"[""https://ycombinator.com/companies/goldbridge""]",2026-08-30,proptech_startups_agent.csv,"Membership is a discovery relationship, not evidence of deployment or outcome."
rel-225987589889,org-chestnut-7e1617e,Chestnut,member_of_or_discovered_via,YC P2025,,reported_or_directory_observed,"[""https://ycombinator.com/companies/chestnut""]",2026-08-30,proptech_startups_agent.csv,"Membership is a discovery relationship, not evidence of deployment or outcome."
rel-107b8a8a195c,org-rabbet-13da945,Rabbet,member_of_or_discovered_via,YC S2017,,reported_or_directory_observed,"[""https://rabbet.com/"",""https://ycombinator.com/companies/rabbet""]",2026-08-30,proptech_startups_agent.csv,"Membership is a discovery relationship, not evidence of deployment or outcome."
rel-7e0245276fca,org-banner-37f93a0,Banner,member_of_or_discovered_via,YC S2019,,reported_or_directory_observed,"[""https://ycombinator.com/companies/banner""]",2026-08-30,proptech_startups_agent.csv,"Membership is a discovery relationship, not evidence of deployment or outcome."
rel-9b605a3235ba,org-cambio-93cf094,Cambio,member_of_or_discovered_via,YC S2022,,reported_or_directory_observed,"[""https://ycombinator.com/companies/cambio-2""]",2026-08-30,proptech_startups_agent.csv,"Membership is a discovery relationship, not evidence of deployment or outcome."
rel-1acf39a00945,org-express-building-add003f,Express Building,member_of_or_discovered_via,YC S2022,,reported_or_directory_observed,"[""https://ycombinator.com/companies/express-building""]",2026-08-30,proptech_startups_agent.csv,"Membership is a discovery relationship, not evidence of deployment or outcome."
rel-acea68a65f2c,org-flatx-046b6ca,FlatX,member_of_or_discovered_via,YC S2022,,reported_or_directory_observed,"[""https://ycombinator.com/companies/flatx""]",2026-08-30,proptech_startups_agent.csv,"Membership is a discovery relationship, not evidence of deployment or outcome."
rel-a5109ff2f09e,org-foundation-ec9624c,Foundation,member_of_or_discovered_via,YC S2023,,reported_or_directory_observed,"[""https://ycombinator.com/companies/foundation-2""]",2026-08-30,proptech_startups_agent.csv,"Membership is a discovery relationship, not evidence of deployment or outcome."
rel-5d0b3cc90c7f,org-henry-3eca10f,Henry,member_of_or_discovered_via,YC S2024,,reported_or_directory_observed,"[""https://ycombinator.com/companies/henry-2""]",2026-08-30,proptech_startups_agent.csv,"Membership is a discovery relationship, not evidence of deployment or outcome."
rel-ca197de2ca7d,org-tandem-93731a1,Tandem,member_of_or_discovered_via,YC S2024,,reported_or_directory_observed,"[""https://ycombinator.com/companies/tandem-2""]",2026-08-30,proptech_startups_agent.csv,"Membership is a discovery relationship, not evidence of deployment or outcome."
rel-b5dc7f49bf62,org-pares-ai-de8df6d,PARES AI,member_of_or_discovered_via,YC S2025,,reported_or_directory_observed,"[""https://ycombinator.com/companies/pares-ai""]",2026-08-30,proptech_startups_agent.csv,"Membership is a discovery relationship, not evidence of deployment or outcome."
rel-fec5e4279922,org-realpact-653455d,RealPact,member_of_or_discovered_via,YC S2026,,reported_or_directory_observed,"[""https://ycombinator.com/companies/realpact""]",2026-08-30,proptech_startups_agent.csv,"Membership is a discovery relationship, not evidence of deployment or outcome."
rel-5f96f2814fd3,org-subvysion-47747d0,SubVysion,member_of_or_discovered_via,YC S2026,,reported_or_directory_observed,"[""https://ycombinator.com/companies/subvysion""]",2026-08-30,proptech_startups_agent.csv,"Membership is a discovery relationship, not evidence of deployment or outcome."
rel-530d0c998bfc,org-rezi-dfe4679,REZI,member_of_or_discovered_via,YC W2017,,reported_or_directory_observed,"[""https://ycombinator.com/companies/rezi""]",2026-08-30,proptech_startups_agent.csv,"Membership is a discovery relationship, not evidence of deployment or outcome."
rel-e3bcb7fca88e,org-homebase-sea-finance-75bb47f,Homebase,member_of_or_discovered_via,YC W2021,,reported_or_directory_observed,"[""https://ycombinator.com/companies/homebase""]",2026-08-30,proptech_startups_agent.csv,"Membership is a discovery relationship, not evidence of deployment or outcome."
rel-fcafecfd060f,org-cobblestone-e6f3985,Cobblestone,member_of_or_discovered_via,YC W2023,,reported_or_directory_observed,"[""https://ycombinator.com/companies/cobblestone""]",2026-08-30,proptech_startups_agent.csv,"Membership is a discovery relationship, not evidence of deployment or outcome."
rel-b54da8e86a4f,org-haven-property-operations-42e9d8a,Haven,member_of_or_discovered_via,YC W2023,,reported_or_directory_observed,"[""https://ycombinator.com/companies/haven-2""]",2026-08-30,proptech_startups_agent.csv,"Membership is a discovery relationship, not evidence of deployment or outcome."
rel-dd803f7891ed,org-averyiq-55a4cc0,AveryIQ,member_of_or_discovered_via,YC W2024,,reported_or_directory_observed,"[""https://ycombinator.com/companies/averyiq""]",2026-08-30,proptech_startups_agent.csv,"Membership is a discovery relationship, not evidence of deployment or outcome."
rel-2d278f87f0bc,org-inspectmind-ai-e96a36c,InspectMind AI,member_of_or_discovered_via,YC W2024,,reported_or_directory_observed,"[""https://ycombinator.com/companies/inspectmind-ai""]",2026-08-30,proptech_startups_agent.csv,"Membership is a discovery relationship, not evidence of deployment or outcome."
rel-52463c316da8,org-tire-swing-eca8d51,Tire Swing,member_of_or_discovered_via,YC W2025,,reported_or_directory_observed,"[""https://ycombinator.com/companies/tire-swing""]",2026-08-30,proptech_startups_agent.csv,"Membership is a discovery relationship, not evidence of deployment or outcome."
rel-835928a8f083,org-field-materials-05352ab,Field Materials,member_of_or_discovered_via,Zacua Ventures,,reported_or_directory_observed,"[""https://fieldmaterials.com/"",""https://fieldmaterials.com/about"",""https://zacuaventures.com/portfolio""]",2026-08-30,startup_core_additions.csv,"Membership is a discovery relationship, not evidence of deployment or outcome."
rel-6c33fdc0097e,org-outbuild-f066346,Outbuild,member_of_or_discovered_via,Zacua Ventures,,reported_or_directory_observed,"[""https://outbuild.com/"",""https://outbuild.com/about-us"",""https://zacuaventures.com/portfolio""]",2026-08-30,startup_core_additions.csv,"Membership is a discovery relationship, not evidence of deployment or outcome."
rel-604a6fa132bb,org-track3d-778aadb,Track3D,member_of_or_discovered_via,Zacua Ventures,,reported_or_directory_observed,"[""https://track3d.ai/"",""https://track3d.ai/newsroom"",""https://track3d.ai/reality-intelligence-platform"",""https://zacuaventures.com/portfolio""]",2026-08-30,startup_core_additions.csv,"Membership is a discovery relationship, not evidence of deployment or outcome."
rel-43c731e5c76b,org-gravis-robotics-e4d6d83,Gravis Robotics,member_of_or_discovered_via,Zacua Ventures; CEMEX Ventures Construction Startup Competition Top 50 2025,,reported_or_directory_observed,"[""https://cemexventures.com/top-50-2025"",""https://gravisrobotics.com/"",""https://zacuaventures.com/portfolio""]",2026-08-30,startup_core_additions.csv,"Membership is a discovery relationship, not evidence of deployment or outcome."
